City_ID,City,Cloudiness,Country,Date,Humidity,Lat,Lng,Max Temp,Wind Speed
0,new norfolk,0,AU,1602036388,65,-42.78,147.06,61,3
1,kaniama,4,CD,1602036390,79,-7.57,24.18,68.5,1.83
2,vestmannaeyjar,100,IS,1602036392,80,63.44,-20.27,43.61,2.93
3,pacific grove,40,US,1602036229,87,36.62,-121.92,63,3.67
4,barentsburg,20,JP,1602036399,59,43.32,145.57,62.6,8.05
5,nemuro,33,RU,1602036401,71,50.72,136.63,48.15,3.74
6,solnechnyy,1,ZA,1602036321,93,-33.93,18.42,61,8.05
7,cape town,100,SE,1602036405,100,65.83,21.69,51.8,16.11
8,boden,100,NI,1602036409,91,12.58,-87.03,75.61,1.86
9,tsihombe,40,AR,1602036411,74,-54.8,-68.3,37.4,21.92
10,chichigalpa,75,AU,1602036413,50,-23.85,151.25,78.8,13.87
11,ushuaia,0,RU,1602036416,91,69.3,139.9,25.93,21.65
12,gladstone,20,US,1602036418,49,20.89,-156.47,91.4,16.11
13,deputatskiy,20,GR,1602036420,68,36.82,21.7,73.99,3.67
14,kahului,40,US,1602036422,55,19.73,-155.09,87.8,10.29
15,methoni,23,US,1602036179,63,42.6,-73.97,55.99,3.38
16,hilo,20,AU,1602036291,58,-42.88,147.33,62.01,9.17
17,albany,1,US,1602036295,23,38.42,-121.42,87.8,5.91
18,hobart,3,HK,1602036141,74,22.29,114.16,77,1.01
19,laguna,68,MV,1602036182,72,-0.6,73.08,82.81,9.51
20,victoria,5,UA,1602036435,68,44.67,34.42,66.79,6.82
21,hithadhoo,0,GL,1602036437,79,77.48,-69.36,12.65,5.26
22,alushta,100,RU,1602036439,94,57.83,29.96,55.13,5.79
23,qaanaaq,99,MA,1602036441,80,32.3,-9.24,64.67,11.59
24,dno,6,BR,1602036221,95,-22.97,-42.03,74.1,17.56
25,asfi,40,US,1602036445,76,59.64,-151.55,51.8,11.41
26,arraial do cabo,100,PF,1602036179,83,-23.12,-134.97,74.17,7.92
27,homer,27,AU,1602036189,67,-33.65,115.33,64.99,8.99
28,rikitea,100,VN,1602036164,92,15.12,108.8,78.85,9.1
29,busselton,39,LY,1602036454,20,29.11,21.29,74.39,3.33
30,quang ngai,98,BW,1602036456,80,-23.98,23.9,63.97,15.1
31,awjilah,100,GL,1602036458,95,65.61,-37.64,33.8,3.36
32,dutlwe,1,AO,1602036460,84,-15.2,12.15,60.89,3.67
33,tasiilaq,98,RU,1602036462,96,71.92,114.08,21.36,12.37
34,namibe,96,GY,1602036466,96,8.2,-59.78,75.78,3.74
35,saskylakh,0,GL,1602036469,49,60.72,-46.03,24.8,13.87
36,illoqqortoormiut,20,JM,1602036471,78,18.03,-77.85,82.4,1.12
37,mabaruma,0,NA,1602036473,70,-26.65,15.16,60.82,16.55
38,qaqortoq,98,NZ,1602036475,80,-46.6,168.33,46.99,18.01
39,black river,7,PF,1602036477,77,-9.8,-139.03,77.95,14.34
40,luderitz,0,CL,1602036479,81,-53.15,-70.92,39.2,14.99
41,bluff,56,KZ,1602036481,69,49.96,82.61,33.8,11.18
42,atuona,99,ID,1602036484,86,-0.95,100.35,76.82,11.41
43,punta arenas,90,IS,1602036486,93,66.04,-17.34,42.8,4.7
44,oskemen,1,US,1602036488,71,41.37,-73.41,57.2,6.93
45,padang,0,BR,1602036492,83,-15.86,-38.88,75.2,5.82
46,husavik,0,ZA,1602036496,97,-34,24.73,54,3.31
47,bethel,61,CK,1602036407,57,-21.21,-159.78,77,18.34
48,vaitupu,0,RU,1602036501,56,54.72,135.31,45.72,19.08
49,belmonte,40,AU,1602036503,45,-17,145.43,86,12.75
50,taolanaro,100,RU,1602036251,98,70.63,147.92,29.53,13.62
51,kruisfontein,100,BR,1602036507,89,-6.22,-57.75,74.59,3.51
52,avarua,15,ZA,1602036225,87,-33.01,17.94,59,8.05
53,chumikan,100,RU,1602036511,99,73.51,80.55,31.96,10.09
54,mareeba,75,US,1602036513,76,57.05,-135.33,51.8,3.36
55,chokurdakh,0,EG,1602036515,78,31.26,32.28,78.8,6.93
56,jacareacanga,0,SK,1602036518,90,48.99,22.15,51.01,4
57,saldanha,20,US,1602036520,62,22.08,-159.32,86,5.82
58,dikson,100,US,1602036375,64,40.5,-79.75,62.01,7.34
59,sitka,0,SA,1602036524,27,17.49,44.13,64.4,1.61
60,port said,90,CA,1602036526,86,69.45,-133.04,33.8,4.7
61,snina,90,CA,1602036528,95,68.35,-133.72,33.8,9.17
62,kapaa,40,US,1602036533,50,57.79,-152.41,55.4,9.17
63,plum,0,ZA,1602036535,83,-33.02,27.91,63.72,5.64
64,najran,1,US,1602036537,54,60.55,-151.26,55.4,8.05
65,tuktoyaktuk,28,CD,1602036539,61,-9.2,25.85,75.6,1.97
66,inuvik,88,FO,1602036541,100,62.23,-6.59,48.2,10.09
67,sentyabrskiy,26,PE,1602036543,82,-13.7,-76.22,62.6,4.7
68,kodiak,0,IN,1602036546,56,34.57,76.1,41.02,3.4
69,east london,100,CN,1602036548,89,29.04,114.56,55.83,2.19
70,kenai,1,US,1602036390,62,42.1,-79.24,60.01,10.29
71,bukama,40,JP,1602036552,44,26.18,127.76,82.4,16.11
72,klaksvik,90,ZA,1602036554,93,-33.92,25.57,60.8,5.82
73,pisco,100,RO,1602036556,100,46.48,24.83,57.2,1.12
74,kargil,71,MA,1602036558,42,29.58,-9.5,68.63,1.92
75,yining,70,AR,1602036304,76,-38,-57.56,57.99,4.7
76,jamestown,3,PG,1602036565,62,-2.57,150.8,85.86,4.97
77,nishihara,66,BR,1602036567,84,-30.18,-50.21,59.11,6.87
78,port elizabeth,87,MR,1602036569,94,20.93,-17.03,69.8,8.05
79,neaua,5,ZA,1602036571,100,-34.53,20.04,51.8,1.45
80,tiznit,0,SO,1602036573,89,0.49,42.79,74.79,3.62
81,saleaula,0,RU,1602036576,95,63.6,53.88,31.06,1.7
82,mar del plata,40,GD,1602036578,88,12.16,-61.73,78.8,10.38
83,kavieng,1,US,1602036580,77,39.41,-74.36,64.99,8.05
84,cidreira,24,NA,1602036582,93,-22.12,14.28,55.99,1.01
85,nouadhibou,20,ID,1602036584,70,-3.7,128.18,87.8,5.82
86,bredasdorp,100,UA,1602036586,42,51.77,32.25,60.89,14.7
87,jilib,0,ZA,1602036588,93,-34.42,19.23,55.99,5.12
88,sosnogorsk,44,RU,1602036591,69,45.23,147.88,57.58,6.02
89,gouyave,13,KI,1602036593,79,3.07,172.79,82.65,11.43
90,brigantine,52,MZ,1602036595,84,-17.88,36.89,70.2,4.45
91,henties bay,0,AU,1602036597,26,-24.87,113.63,69.8,5.82
92,ambon,4,PF,1602036599,79,-16.48,-151.75,77.97,15.41
93,koryukivka,26,RU,1602036601,51,48.97,140.29,54.93,3.67
94,hermanus,75,CA,1602036604,87,45.62,-61.35,55,5.82
95,kurilsk,95,MV,1602036606,77,2.67,72.89,82.94,11.74
96,butaritari,20,CA,1602036608,93,47.67,-52.73,46,12.75
97,quelimane,1,US,1602036610,82,38.89,-76.51,60.8,10.02
98,carnarvon,75,TO,1602036612,88,-21.2,-175.2,77,12.75
99,faanui,30,PT,1602036614,78,38.52,-28.7,69.75,15.88
100,sovetskaya gavan,0,AU,1602036617,28,-28.77,114.6,69.8,8.05
101,port hawkesbury,0,CN,1602036619,40,43.61,122.27,54.39,6.29
102,kudahuvadhoo,75,JP,1602036621,64,35.13,140.3,73.99,14.99
103,torbay,100,IR,1602036623,91,36.69,52.52,61.25,7.29
104,mayo,100,CF,1602036625,95,5.4,26.49,68.52,2.46
105,vaini,0,ML,1602036627,19,20.2,1.01,86.77,10.87
106,ribeira grande,100,AO,1602036631,73,-8.42,20.74,67.78,2.68
107,geraldton,40,CA,1602036633,93,48.75,-79,50,5.82
108,tongliao,75,CA,1602036636,81,55.1,-105.28,48.2,11.41
109,katsuura,98,NO,1602036638,72,68.12,13.5,53.04,16.71
110,fereydun kenar,75,JP,1602036640,73,34.67,138.95,69.8,20.8
111,obo,0,BR,1602036550,90,-21.64,-41.05,75.02,1.16
112,tessalit,90,RU,1602036644,87,59.7,30.79,54,4.47
113,dolbeau,90,US,1602036384,50,42.25,-75.83,59,9.17
114,lucapa,1,NC,1602036648,77,-20.23,164.02,72.91,19.13
115,macamic,90,US,1602036650,100,40.6,-124.16,57.99,5.82
116,la ronge,8,ZA,1602036653,93,-31.59,28.78,57.2,2.24
117,gravdal,20,AR,1602036655,60,-51.62,-69.22,41,12.75
118,shimoda,99,GB,1602036657,93,56.07,-3.72,52,10.29
119,sao joao da barra,90,CA,1602036659,96,63.75,-68.51,33.8,19.46
120,nikolskoye,20,SJ,1602036665,86,78.22,15.64,33.8,5.82
121,broome,20,ID,1602036667,74,-2.92,104.75,84.2,4.7
122,poum,54,ID,1602036670,73,-3.8,102.27,81.73,2.46
123,fortuna,37,RE,1602036672,77,-21.36,55.77,69.8,3.36
124,umtata,100,UY,1602036674,89,-33.7,-53.46,51.55,4.56
125,rio gallegos,100,LK,1602036643,78,5.95,80.54,80.11,11.16
126,kincardine,100,NZ,1602036678,80,-46.13,167.68,46.99,18.01
127,iqaluit,75,RU,1602036680,96,58.38,58.32,28.09,4.45
128,mys shmidta,0,BR,1602036682,82,-10.41,-36.43,74.03,7.72
129,yithion,0,KZ,1602036684,79,45.32,55.2,36.79,6.22
130,longyearbyen,21,CA,1602036686,85,52.85,-102.38,45.77,4.94
131,palembang,90,CA,1602036689,94,70.47,-68.59,32,17.22
132,bengkulu,13,ZA,1602036691,91,-33.59,26.89,60.64,1.88
133,saint-philippe,100,ID,1602036693,79,5.89,95.32,81.81,19.06
134,chuy,25,PG,1602036695,75,-2.02,147.27,84.2,6.93
135,matara,0,RU,1602036697,63,47.89,134.95,50.68,11.36
136,tuatapere,96,FR,1602036699,88,46.42,3.91,53.01,1.99
137,gornozavodsk,77,GF,1602036701,82,5.38,-52.95,80.56,10.09
138,piacabucu,75,US,1602036484,33,45.02,-93.22,73.4,12.75
139,beyneu,0,RU,1602036706,92,69.49,88.4,24.8,17.9
140,hudson bay,1,BR,1602036462,43,-24.79,-50.01,70.72,3.91
141,clyde river,0,RU,1602036710,49,59.7,150.17,45.61,8.34
142,port alfred,0,OM,1602036712,54,22.57,59.53,77.74,5.79
143,sabang,0,SA,1602036714,70,21.43,39.83,78.57,1.25
144,lorengau,20,CV,1602036716,83,15.13,-23.22,75.2,5.82
145,khor,100,NZ,1602036719,80,-46.19,168.86,46.99,18.01
146,saint-francois,20,MY,1602036721,88,5.41,100.34,78.8,3.36
147,sinnamary,93,AU,1602036723,62,-41.17,146.35,61,1.99
148,saint anthony,40,CL,1602036725,86,-41.87,-73.82,45,5.82
149,talnakh,5,MX,1602036603,70,22.89,-109.91,86,9.17
150,castro,75,CA,1602036729,75,65.28,-126.83,39.2,9.17
151,arman,40,BR,1602036731,74,2.82,-60.67,82.4,3.36
152,sur,87,RU,1602036733,85,68.05,39.51,43,13.18
153,mecca,1,NC,1602036736,82,-22.67,167.48,70.83,16.53
154,vila do maio,68,PT,1602036738,76,39.05,-27.98,69.08,13.49
155,mataura,8,RU,1602036740,86,69.7,170.31,31.8,4.74
156,georgetown,0,IR,1602036742,42,27.67,54.14,66.2,4.7
157,devonport,10,MG,1602036744,82,-25.17,45.05,63.7,11.95
158,ancud,20,GH,1602036748,88,5.79,0.9,78.8,9.17
159,cabo san lucas,100,RU,1602036750,91,63.05,179.32,42.49,42.84
160,norman wells,0,RU,1602036752,88,69.38,178.42,26.4,5.68
161,boa vista,0,CN,1602036755,35,38.72,112.76,58.33,2.28
162,ostrovnoy,0,MX,1602036757,71,20.18,-97.58,68.61,3.67
163,vao,100,RU,1602036759,83,54.91,64.43,39.97,14.63
164,lagoa,53,UA,1602036761,68,44.82,33.6,64.81,4.74
165,pevek,0,AU,1602036763,58,-25.24,130.99,57.2,8.05
166,gerash,1,US,1602036731,47,32.45,-99.73,78.8,6.93
167,beloha,61,IT,1602036587,82,40.83,14.25,61,1.12
168,grand centre,92,RU,1602036769,73,63.28,118.33,38.55,4.63
169,anloga,40,TH,1602036772,100,6.83,100,82.4,2.24
170,beringovskiy,94,ID,1602036774,59,-5.12,120.25,86.49,6.91
171,leningradskiy,86,RU,1602036776,85,54.34,101.5,31.93,3.58
172,yuanping,100,RU,1602036778,72,52.27,79.17,38.77,13.33
173,coxquihui,66,ID,1602036782,58,-7.94,110.25,80.01,11.77
174,kurtamysh,0,CL,1602036784,93,-33.04,-71.63,50,3.36
175,uhlove,75,CA,1602036747,92,55.74,-97.86,30.2,3.87
176,yulara,0,RU,1602036788,82,68.75,161.3,33.8,4.63
177,abilene,100,CA,1602036791,93,54.77,-101.86,42.91,2.98
178,naples,60,UA,1602036793,88,48.92,24.65,52.88,2.53
179,nyurba,90,RU,1602036795,86,64.38,-173.3,39.2,17.9
180,satun,84,RU,1602036799,53,51.71,143.23,48.04,12.01
181,sinjai,100,CA,1602036803,85,66.15,-65.71,29.53,16.87
182,kuytun,100,ID,1602036524,71,5.56,95.32,82.99,12.3
183,klyuchi,75,IS,1602036808,100,63.84,-22.43,39.2,5.82
184,belushya guba,0,NC,1602036810,65,-20.57,164.28,75.38,15.17
185,srandakan,58,AR,1602036624,49,-40.81,-63,55.99,5.01
186,valparaiso,0,MN,1602036814,47,45.76,106.27,46.45,1.59
187,thompson,98,IN,1602036816,84,18.93,84.6,81.75,3.33
188,cherskiy,40,IN,1602036818,94,19.8,85.85,80.6,3.36
189,flin flon,0,RU,1602036822,60,47.15,134.34,51.1,8.19
190,zahvizdya,100,NZ,1602036544,84,-45.87,170.5,46,1.99
191,provideniya,28,AR,1602036827,58,-31.41,-64.18,64,6.93
192,attawapiskat,21,RU,1602036829,80,62.53,155.8,31.26,7.52
193,katangli,100,PH,1602036833,86,5.4,125.46,79.12,10.07
194,lolua,0,CL,1602036837,80,-37.62,-73.65,46.24,10.87
195,pangnirtung,75,PH,1602036839,94,14.31,121.11,82,2.24
196,banda aceh,1,KZ,1602036841,81,47.47,84.87,33.82,8.5
197,grindavik,100,IE,1602036844,91,54.63,-8.45,46.99,1.99
198,koumac,5,MX,1602036846,62,25.92,-109.18,87.8,16.11
199,viedma,64,RU,1602036850,75,50.68,156.12,49.51,24.74
200,mandalgovi,100,IT,1602036852,68,41.21,9.41,68,13.87
201,sompeta,40,MU,1602036854,94,-20.41,57.7,68,3.36
202,puri,0,CD,1602036857,59,-10.88,26.6,64.24,2.98
203,utiroa,0,NZ,1602036859,32,-43.53,172.63,66.2,8.05
204,lermontovka,20,CN,1602036861,93,30.99,103.94,66,2.95
205,dunedin,0,CV,1602036863,73,14.9,-24.5,78.6,4.32
206,cordoba,100,CA,1602036855,88,51.23,-58.65,51.26,21.09
207,omsukchan,8,UY,1602036867,92,-34.48,-54.33,46.02,1.83
208,samusu,0,SA,1602036694,25,24.69,46.72,77,5.82
209,sarangani,96,AU,1602036874,41,-25.3,152.85,80.01,17.22
210,shibarghan,58,NO,1602036826,83,70.37,31.11,45,14.74
211,lebu,49,RU,1602036878,86,64.57,143.2,30.97,8.01
212,santa rosa,99,MX,1602036880,84,17.96,-102.2,79.56,5.53
213,zaysan,75,RU,1602036882,81,68.61,31.8,44.6,8.95
214,killybegs,20,CA,1602036741,81,54.32,-130.32,51.8,4.7
215,ahome,0,AU,1602036886,21,-20.74,116.85,75.27,19.26
216,mullaitivu,7,TR,1602036888,39,41.25,31.83,67.14,4.9
217,severo-kurilsk,55,GL,1602036893,83,72.79,-56.15,19.81,6.49
218,la maddalena,100,RU,1602036895,83,65.58,-171,35.74,17.05
219,mahebourg,90,FR,1602036897,87,47.88,-3.92,55.4,8.05
220,kambove,72,US,1602036899,65,26.38,-98.82,80.01,1.01
221,christchurch,0,RU,1602036901,86,66.77,123.37,33.94,11.52
222,tianpeng,14,PT,1602036903,92,40.16,-8.33,59,1.01
223,sao filipe,90,CA,1602036906,70,62.46,-114.35,42.8,6.93
224,saint-augustin,64,SB,1602036908,69,-8.14,159.59,84.6,4.21
225,rocha,0,PE,1602036910,74,-5.56,-80.82,66.2,14.34
226,burica,0,IR,1602036912,51,35.24,60.62,48.34,9.69
227,riyadh,1,PT,1602036915,93,38.8,-9.45,63,16.26
228,hervey bay,50,TL,1602036917,65,-8.93,125.41,75.45,3.06
229,vardo,75,PT,1602036919,77,37.73,-25.67,68,4.7
230,ust-nera,75,JP,1602036902,68,35.18,132.5,66.2,4.7
231,lazaro cardenas,99,LR,1602036923,86,5.88,-10.05,76.69,1.39
232,verkhnetulomskiy,0,AU,1602036925,29,-20.1,146.27,83.5,12.55
233,prince rupert,0,ET,1602036927,81,11.26,37.49,53.76,3.44
234,karratha,100,BR,1602036929,80,-1.2,-46.02,77.79,7.38
235,zonguldak,97,LY,1602036932,75,31.76,13.99,70.75,17.69
236,dalneye konstantinovo,0,RU,1602036934,82,43.46,39.92,59,8.95
237,upernavik,100,RO,1602036936,82,44.18,28.65,64.4,8.05
238,lavrentiya,40,MU,1602036938,94,-20.34,57.76,72,3.36
239,concarneau,0,RU,1602036942,92,69.35,88.2,24.8,17.9
240,rio grande city,85,UA,1602036947,97,49.27,25.13,59,1.01
241,zhigansk,52,NO,1602036949,81,70.86,29.09,43.34,11.39
242,lata,1,NP,1602036951,68,28.71,80.6,76.28,1.39
243,yellowknife,100,GA,1602036953,85,-2.65,10,76.75,7.9
244,buala,90,CA,1602036832,87,50.2,-66.38,48.2,4.7
245,sechura,93,GL,1602036957,57,69.22,-51.1,23,13.87
246,torbat-e jam,75,US,1602036960,81,58.3,-134.42,51.01,6.93
247,colares,20,US,1602036962,81,55.34,-131.65,51.8,5.82
248,airai,75,IN,1602036964,94,16.73,82.22,78.8,3.36
249,ponta delgada,16,PL,1602036966,93,50.26,22.42,53.01,1.12
250,oda,100,ID,1602036968,63,3.82,117.25,88.66,1.45
251,buchanan,100,RU,1602036970,99,61.94,76.66,30.83,9.8
252,charters towers,75,TW,1602036972,57,22.76,121.14,80.6,8.05
253,adet,100,NZ,1602036975,83,-46.28,169.85,45,11.01
254,carutapera,20,MY,1602036977,78,4.41,114.01,82.4,3.36
255,bani walid,0,GL,1602036979,45,60.92,-46.05,24.8,14.99
256,orel-izumrud,7,BR,1602036981,94,-6.98,-34.83,75.2,4.7
257,constanta,99,RU,1602036983,92,46.49,135.88,40.1,4.23
258,bambous virieux,20,US,1602036985,69,21.44,-157.84,87.8,9.17
259,dzhusaly,53,RU,1602036987,70,63.45,120.32,39.36,3.42
260,norilsk,91,CN,1602036990,38,38.5,102.17,56.77,2.86
261,toliary,75,JP,1602036992,74,24.34,124.16,78.8,14.99
262,pidhaytsi,52,NZ,1602036994,67,-35.17,173.17,63.28,8.66
263,berlevag,95,TM,1602036996,27,39.24,55.52,57.29,15.79
264,dhangadhi,0,NA,1602036998,40,-18.06,13.84,54.25,1.61
265,gamba,0,CN,1602037000,59,36.62,101.77,47.39,3.04
266,sept-iles,0,NE,1602037002,11,18.74,7.39,92.39,7.72
267,ilulissat,75,CA,1602037004,100,49.75,-77.63,41,3.36
268,juneau,20,IT,1602037007,100,46.46,10.35,53.01,5.82
269,ketchikan,100,GW,1602037009,75,11.28,-15.83,81.52,4.81
270,yanam,0,TC,1602037011,75,21.46,-71.14,82.42,20.13
271,lezajsk,75,PT,1602037013,83,32.67,-17.1,71.6,11.41
272,sembakung,90,BR,1602037015,37,-6.03,-44.25,82.62,0.81
273,novoagansk,100,GB,1602037019,87,60.4,-1.35,51.8,6.93
274,taitung,22,EC,1602037021,91,-0.74,-90.35,66.99,3
275,kaitangata,90,FI,1602037023,93,62.89,27.68,53.6,6.93
276,miri,0,RU,1602037026,59,45.28,38.84,57,1.99
277,narsaq,0,IR,1602037028,83,27.15,57.08,80.6,2.24
278,cabedelo,75,US,1602037030,81,64.86,-147.8,42.8,3.36
279,vostok,0,MX,1602037032,62,17.43,-99.15,65.7,3.18
280,ahuimanu,100,RU,1602037034,82,67.8,130.41,30.78,7.27
281,verkhnevilyuysk,20,FI,1602037036,93,63.84,23.13,53.6,9.17
282,jinchang,56,LY,1602037038,73,31.76,25.09,72.43,2.19
283,ishigaki,100,RU,1602037043,87,63.01,112.47,38.79,10.25
284,ahipara,90,AU,1602037045,93,-37.83,140.77,53.6,10.29
285,gazanjyk,90,RU,1602037047,92,66,111.5,26.6,4.47
286,opuwo,96,VU,1602037049,79,-13.88,167.55,80.4,12.93
287,xining,40,PT,1602037051,83,33.08,-16.33,71.6,12.75
288,arlit,100,SS,1602037053,85,4.41,32.57,70.99,1.86
289,matagami,23,RU,1602037055,93,61.92,63.02,30.13,6.31
290,oga,73,FR,1602037057,76,49.58,0.33,57.2,21.92
291,bubaque,20,MY,1602037060,70,5.95,116.66,84.2,2.24
292,cockburn town,88,BD,1602037062,81,22.34,90.74,83.98,8.61
293,ponta do sol,90,CA,1602037064,87,50.03,-66.87,48.2,10.4
294,colinas,83,CN,1602037066,70,29.96,122.3,68.72,17.05
295,bolungarvik,40,AU,1602037068,67,-33.87,121.9,57.2,20.8
296,brae,100,ID,1602037070,80,-2.97,119.9,73.6,1.57
297,puerto ayora,90,US,1602036931,93,64.84,-147.72,42.8,3.36
298,kuopio,100,UY,1602037074,86,-31.73,-55.98,55.53,4.65
299,novovelichkovskaya,68,AR,1602037076,38,-27.8,-64.26,65.39,8.7
300,minab,13,TR,1602037079,61,38.69,35.55,46.4,2.24
301,college,40,BR,1602037083,94,-6.09,-35.21,73.4,3.36
302,juxtlahuaca,98,ID,1602037085,80,4.14,96.13,77.45,5.01
303,batagay-alyta,38,NA,1602037087,87,-22.96,14.51,55.99,8.05
304,kokkola,53,AU,1602036814,50,-31.43,152.92,80.01,3
305,bardiyah,72,CA,1602036916,56,43.75,-81.72,64,1.01
306,taburi,0,ID,1602037093,49,-9.66,120.26,85.21,7.61
307,chernyshevskiy,100,IR,1602037098,89,36.65,53.3,59.23,6.29
308,mount gambier,90,RU,1602037100,93,64.75,177.48,39,35.79
309,aykhal,89,RU,1602037102,96,71.69,128.87,26.02,28.01
310,sola,90,CA,1602037104,93,68.22,-135.01,32,6.93
311,camacha,64,MN,1602037106,63,47.91,106.88,32,3.38
312,torit,0,NA,1602037108,63,-24.13,19.12,55.04,6.8
313,agirish,56,NO,1602037110,85,71.04,27.85,42.46,13.44
314,havre,0,CL,1602037113,58,-33.73,-70.75,57.2,4.7
315,ranau,42,NZ,1602037115,58,-45.42,167.72,51.85,4.43
316,lalmohan,100,BJ,1602037014,88,6.5,2.6,77.45,6.89
317,port-cartier,0,GL,1602037119,85,65.42,-52.9,25.48,8.1
318,shenjiamen,75,NU,1602037121,74,-19.06,-169.92,80.6,12.75
319,esperance,1,SO,1602037123,86,9.49,50.81,76.37,12.12
320,rantepao,14,BS,1602037110,79,25.72,-79.3,84.34,22.28
321,fairbanks,96,LR,1602037125,87,4.38,-7.72,77.13,9.89
322,tacuarembo,15,NE,1602037130,62,13.05,3.19,81.97,13.04
323,santiago del estero,79,MX,1602037132,52,27.98,-114.06,79.41,13.69
324,talas,75,US,1602037134,77,37.61,-122.49,64,17.22
325,nizhneyansk,13,BT,1602037138,63,26.85,89.39,79.27,1.1
326,nisia floresta,0,PF,1602037142,76,-16.7,-151.02,78.89,16.22
327,meulaboh,92,EC,1602037145,74,-2.47,-78.17,69.03,3.04
328,walvis bay,0,MX,1602037147,91,16.47,-98.42,75.63,1.72
329,port macquarie,100,IN,1602037149,94,27.02,95.57,70.52,0.43
330,goderich,100,AU,1602037151,84,-34.58,150.86,66.99,0.69
331,waingapu,88,CN,1602037153,30,35.41,116.58,65.88,5.39
332,balimo,100,TR,1602037155,41,39.34,29.26,64.35,1.61
333,neka,98,ES,1602037157,96,42.78,-9.06,63,3.47
334,anadyr,100,NO,1602037160,100,62.58,6.13,51.01,4.7
335,tiksi,75,UY,1602037162,100,-34.67,-54.92,50,4.7
336,aklavik,0,SA,1602037166,19,18.39,42.45,62.6,6.22
337,ulaanbaatar,32,BR,1602037168,25,-14.41,-56.45,86.5,4.81
338,aranos,66,NZ,1602037170,76,-41.41,175.52,59,9.17
339,mehamn,75,PT,1602037172,82,37.8,-25.58,68,5.82
340,buin,100,CN,1602037174,88,25.7,100.18,62.2,1.97
341,te anau,75,CA,1602037179,76,47.38,-61.86,57.2,18.34
342,porto novo,83,RU,1602037181,97,71.97,102.5,13.39,7.7
343,maniitsoq,75,JP,1602037139,64,35.73,140.83,73.99,13.87
344,alofi,100,NG,1602037185,94,4.92,6.26,75.04,1.92
345,bandarbeyla,15,ID,1602037187,67,-2.88,108.27,85.15,12.57
346,alice town,60,AR,1602037189,86,-38.55,-58.74,51.01,3
347,harper,1,US,1602037191,7,37.1,-113.58,80.6,5.82
348,dosso,100,PH,1602037194,92,8,124.29,77,5.01
349,guerrero negro,100,RU,1602037196,74,52.14,113.5,30.2,2.24
350,pacifica,20,MX,1602037198,69,18.77,-95.77,81,13.87
351,amderma,100,GA,1602037200,84,-1.57,9.26,77.04,7.87
352,phuntsholing,0,YE,1602037202,44,14.4,46.47,70.43,0.89
353,bargal,0,NA,1602037204,54,-20.37,14.97,47.59,2.17
354,fare,90,CA,1602037209,100,49.78,-74.85,46.4,5.82
355,sucua,0,BR,1602037211,22,-13.28,-50.16,83.53,3.42
356,cuajinicuilapa,20,CA,1602037213,54,50.65,-104.87,55.4,17.22
357,khonsa,5,CA,1602037215,77,48.83,-124.05,62.6,3.36
358,flinders,74,VE,1602037028,71,11.66,-70.22,84.09,12.01
359,jining,0,CL,1602037144,80,-35.33,-72.42,49.82,12.75
360,emet,40,MX,1602037040,79,16.86,-99.89,84.2,10.29
361,muros,84,PG,1602037224,81,-10.62,150.67,78.73,14.18
362,roald,61,TM,1602037228,28,39.51,54.37,58.69,12.44
363,maldonado,78,US,1602037230,35,36.14,-120.36,78.01,1.66
364,mentok,31,ID,1602037146,56,-9.11,124.89,86.14,1.5
365,faya,1,US,1602037234,34,46.41,-105.84,68,11.41
366,diamantino,20,MG,1602037236,88,-15.72,46.32,73.4,3.36
367,waipawa,96,IN,1602037238,82,19.52,85.1,82.83,0.78
368,rabo de peixe,22,RU,1602037240,97,60.05,69.9,27.9,6.8
369,dali,75,CA,1602037243,56,50.67,-120.32,68,10.29
370,tapaua,7,AR,1602037155,59,-24.79,-65.41,60.8,2.24
371,cap-aux-meules,99,AO,1602037247,84,-6.13,12.37,76.21,10.22
372,khatanga,73,ID,1602037249,60,-3.75,103.64,88.14,1.28
373,hasaki,40,ID,1602037251,88,3.51,98.68,80.6,5.82
374,yenagoa,90,AU,1602037141,87,-34.2,142.15,57,9.17
375,manggar,16,SR,1602037257,90,5.88,-55.08,82,1.01
376,necochea,0,RU,1602037260,64,49.31,43.06,46.89,8.59
377,saint george,1,US,1602037262,93,34.64,-120.46,57.99,8.05
378,marawi,11,CN,1602037264,69,32.68,109.02,58.6,0.92
379,smolenka,77,MX,1602037266,82,18.73,-103.68,77.43,0.83
380,alvarado,100,RU,1602037268,77,54.48,53.47,47.97,6.26
381,omboue,0,AR,1602037270,35,-39.03,-67.58,57.2,12.75
382,marzuq,24,MG,1602037272,85,-14.88,47.99,73.45,1.83
383,khorixas,0,BR,1602037275,82,-17.71,-39.25,75.7,10.16
384,bajo baudo,0,CN,1602037277,63,34.57,105.89,56.43,5.1
385,chapais,20,MY,1602037279,83,1.24,111.46,82.4,1.12
386,sao miguel do araguaia,0,KZ,1602037281,63,43.3,52.8,38.7,10.98
387,lumsden,40,MU,1602037181,94,-20.52,57.52,68,3.36
388,lake cowichan,61,ID,1602037169,65,-8.47,140.33,85.21,10.94
389,punta cardon,1,US,1602037038,69,33.87,-118.08,78.01,5.82
390,constitucion,100,KZ,1602037289,95,52.83,70.78,37.81,14.9
391,acapulco,0,PK,1602037292,32,34.78,72.36,65.89,6.15
392,samarai,100,AU,1602037294,79,-34.73,135.87,52.3,13.6
393,grand river south east,20,ID,1602037296,70,-8.65,115.22,86,9.17
394,balkanabat,0,AU,1602037298,15,-20.32,118.57,77,18.34
395,coalinga,99,UZ,1602037086,61,40.43,71.72,48.2,2.24
396,atambua,56,ES,1602037302,77,39.89,4.27,68,10.29
397,miles city,0,AU,1602037304,30,-22,148.05,83.66,14.79
398,mahajanga,100,SE,1602037306,93,63.18,14.64,50,9.17
399,rambha,90,CA,1602037309,76,46.82,-72.5,53.6,10.29
400,gornopravdinsk,40,IE,1602037311,87,53.58,-6.11,48,12.75
401,kamloops,20,DE,1602037313,93,52.98,9.83,51.01,10.29
402,salta,100,PG,1602037315,62,-2.67,141.3,86.83,8.55
403,soyo,99,RU,1602037317,87,53.91,86.72,32.74,16.62
404,payo,100,RU,1602037319,95,64.57,30.58,50.7,9.55
405,deli tua,0,RU,1602037183,53,53.75,127.27,46.94,2.82
406,palabuhanratu,90,US,1602037324,80,71.29,-156.79,30.2,4.7
407,mildura,0,IN,1602037326,53,34.17,77.58,41,3.6
408,nieuw amsterdam,75,US,1602037296,39,44.19,-88.46,63,16.11
409,kletskaya,40,PG,1602037330,62,-9.44,147.18,89.6,23.04
410,lompoc,5,RU,1602037332,97,59.14,68.9,26.82,6.06
411,ankang,0,KG,1602037334,52,41.87,72.94,47.88,0.36
412,coahuayana,93,IN,1602037338,94,25.52,90.22,76.75,4.09
413,oktyabrskiy,0,GL,1602037343,81,61.99,-49.67,27.82,6.89
414,general roca,41,GF,1602037345,83,5.66,-53.78,80.94,10.94
415,antsohihy,100,CZ,1602037347,100,49.31,15.39,48.99,11.95
416,caravelas,50,RU,1602037349,62,52.46,44.22,42.94,4.45
417,beidao,17,TZ,1602037351,95,-10.57,38.8,66.58,1.25
418,sri aman,1,ML,1602037353,19,22.68,-3.98,92.3,7.7
419,zhanaozen,27,US,1602037355,94,40.8,-124.16,57,4.5
420,souillac,20,EC,1602037357,87,-0.5,-78.57,55.4,3.36
421,merauke,4,MM,1602037360,86,17.95,96.73,81.07,1.28
422,artesia,65,PE,1602037362,82,-11.1,-77.61,62.69,5.19
423,stepnyak,100,GB,1602037097,76,50.47,-4.72,53.6,21.92
424,mingaora,12,IN,1602037366,78,21.12,70.12,79.75,8.37
425,port lincoln,20,MY,1602037368,83,1.55,110.33,82.4,2.24
426,denpasar,91,PE,1602037370,45,-12.6,-69.18,82.81,1.68
427,port hedland,75,KR,1602037152,39,37.57,126.98,62.6,4.7
428,komsomolskiy,75,JP,1602037376,74,28.37,129.48,80.6,25.28
429,mao,93,MV,1602037375,74,0.53,72.93,82.67,9.26
430,moranbah,100,NG,1602037381,88,7.27,8.93,71.47,3.62
431,ostersund,100,RU,1602037385,43,53.05,158.65,55.4,17.9
432,sainte-thecle,0,CA,1602037387,100,47.17,-55.15,48.99,9.31
433,skerries,0,MX,1602037389,74,20.03,-96.63,74.95,10.6
434,soltau,11,PE,1602037391,72,-16.57,-69.04,47.19,11.79
435,vanimo,63,AU,1602037202,50,-41.45,147.17,64,6.93
436,prokopyevsk,0,MX,1602037396,75,18.7,-95.5,78.22,14.07
437,kostomuksha,100,VE,1602037398,73,8.62,-71.65,77.76,3.85
438,zeya,20,JP,1602037400,57,31.42,130.32,75.2,4.7
439,barrow,40,RO,1602037402,100,44.63,26.88,61,4.7
440,leh,90,RU,1602037404,92,66.42,112.4,26.6,4.47
441,neenah,40,CA,1602037406,71,50.7,-127.42,55.4,8.05
442,port moresby,100,MX,1602037408,90,31.9,-116.68,71.01,1.01
443,uvat,0,RU,1602037410,83,47.51,42.15,46.85,13.53
444,toktogul,100,RU,1602037413,82,53.75,84.92,34.56,18.28
445,labutta,75,PT,1602037415,82,37.72,-25.43,68,5.82
446,tura,89,IN,1602037419,83,28.07,95.33,77.74,0.34
447,tartki,100,RU,1602037179,93,60.38,92.63,32.13,11.23
448,paamiut,0,KZ,1602037425,69,42.91,73.27,39.76,1.28
449,mana,2,RU,1602037427,69,67.63,134.63,37.65,5.75
450,batelov,65,AR,1602037432,76,-31.39,-58.02,60.01,6.04
451,serdobsk,3,KZ,1602037434,58,41.25,67.97,42.53,7.92
452,lukuledi,40,HN,1602037436,69,15.77,-88.03,80.6,2.24
453,taoudenni,75,ES,1602037440,88,28.5,-13.86,71.6,10.29
454,eureka,1,TR,1602037442,37,40.74,34.47,61.93,3.15
455,machachi,3,PG,1602037179,52,-6.22,155.63,87.04,5.06
456,nyaunglebin,99,ZA,1602037449,82,-23.04,29.9,62.67,9.53
457,hualmay,52,PG,1602037451,60,-3.14,142.35,87.69,7.61
458,bodmin,0,CN,1602037453,42,36.09,111.52,61.99,1.66
459,mangrol,0,MX,1602037455,64,23.17,-97.95,72,5.68
460,kuching,40,CA,1602037459,93,46.24,-60.22,51.01,6.93
461,puerto maldonado,81,CO,1602037461,82,8.31,-75.14,75.22,2.28
462,seoul,0,CN,1602037463,43,42.91,129.51,56.53,2.01
463,meyungs,0,BR,1602037466,48,-11.09,-43.14,75.63,5.88
464,naze,75,AU,1602037468,37,-20.73,139.5,82.4,8.05
465,thinadhoo,23,ID,1602037470,55,-8.61,120.47,77.54,1.74
466,chichi,8,BR,1602037472,100,-8.62,-37.16,61.45,6.85
467,kuche,0,TR,1602037474,66,39.92,32.85,66.99,1.95
468,petropavlovsk-kamchatskiy,41,GH,1602037476,89,4.87,-2.24,76.66,9.75
469,marystown,100,UA,1602037478,77,46.26,33.29,62.76,8.23
470,vega de alatorre,0,CN,1602037480,61,50.78,121.52,41.79,4.05
471,desaguadero,0,GL,1602037483,89,66.94,-53.67,23.68,9.6
472,launceston,0,AR,1602037485,95,-36.31,-57.68,49.59,7.11
473,mundo nuevo,40,BR,1602037487,94,-5.2,-35.46,73.4,4.7
474,el vigia,100,ID,1602037489,60,-3.94,122.5,88.79,0.67
475,kaseda,75,US,1602037491,10,32.77,-108.28,68,4.72
476,balaciu,75,CA,1602037493,42,60.72,-135.05,48.2,9.17
477,udachnyy,40,DZ,1602037497,87,36.26,2.75,53.6,2.24
478,port hardy,100,IN,1602037269,74,11.67,92.75,82.89,10.71
479,el sauzal,0,BR,1602037502,81,-3.28,-39.27,77.95,11.27
480,volgodonsk,90,US,1602037504,51,43.21,-75.46,60.8,3.36
481,sorokino,100,PG,1602037506,49,-8.75,148.25,90.39,5.79
482,vila franca do campo,0,BR,1602037508,75,-11.43,-40.59,68.16,3.2
483,wulanhaote,0,PE,1602037510,82,-4.27,-81.21,63.52,14.34
484,pasighat,8,PK,1602037512,70,25.05,61.74,80.28,4.16
485,teya,40,GH,1602037427,94,5.58,-0.11,77,9.17
486,karauzyak,4,MU,1602037517,85,-20.01,57.66,72,3
487,oytal,95,BR,1602037519,65,-8.26,-49.26,79.79,3.53
488,batagay,100,RU,1602037521,79,58.48,43.41,48.33,3.47
489,deh rawud,53,GH,1602037523,91,4.88,-1.76,75.96,9.64
490,concordia,0,CA,1602037525,88,48.65,-53.11,44.01,3
491,chardara,100,PA,1602037527,80,9.44,-78.59,81.03,3.98
492,omoa,1,MM,1602037530,77,20.18,94.88,82.11,3.78
493,karaul,100,PH,1602037534,75,11,122.67,84.6,2.13
494,puerto del rosario,57,US,1602037536,93,43.9,-70.47,55,7.34
495,iskilip,100,SS,1602037538,94,7.7,28,72,4.25
496,tumannyy,4,CA,1602037540,95,45.62,-62,51.01,9.75
497,kieta,90,US,1602037544,100,37.46,-122.43,68,6.93
498,louis trichardt,75,RU,1602037549,87,45.46,41.97,51.8,26.84
499,aitape,75,BR,1602037551,88,-27.16,-48.55,69.01,8.05
500,linfen,20,CN,1602037555,54,25.02,118.29,78.8,17.9
501,nuevo progreso,54,CL,1602037557,81,-29.95,-71.34,53.6,2.24
502,bolshiye klyuchishchi,20,GF,1602037559,100,4.93,-52.33,77,2.24
503,sydney mines,100,SS,1602037562,93,9.53,31.66,71.31,1.59
504,ayapel,0,UA,1602037566,51,48.35,38.05,52.09,13.29
505,yanji,88,RU,1602037568,87,68.05,166.44,29.01,1.05
506,barra,100,TR,1602037570,31,37.92,28.32,73.65,1.72
507,mount isa,95,VE,1602037572,90,9.33,-69.12,74.48,0.69
508,ruteng,75,AU,1602037407,67,-23.7,133.88,62.6,9.17
509,buique,90,RU,1602037576,64,52.8,104.75,35.6,11.18
510,ankara,6,RU,1602037579,93,61.36,63.58,30.87,6.93
511,axim,75,AU,1602037581,49,-13.85,136.42,89.6,9.17
512,kalanchak,100,IS,1602037583,94,64.25,-15.21,47.44,8.16
513,genhe,0,BR,1602037585,24,-15.97,-54.97,83.8,3.83
514,sisimiut,50,KG,1602037587,76,41.17,75.81,35.96,0.65
515,dolores,0,ET,1602037589,64,12.51,39.52,50.86,1.7
516,touros,100,PH,1602037591,72,9.14,117.78,85.05,8.61
517,kendari,40,PA,1602037593,88,9.52,-79.03,79,4.7
518,silver city,40,CL,1602037596,86,-45.58,-72.07,37.4,2.24
519,whitehorse,75,JP,1602037598,53,35.5,134.23,71.6,20.8
520,opobo,100,NO,1602037600,71,66.31,14.14,55.99,1.99
521,medea,13,TD,1602037602,58,13.47,22.2,76.64,6.24
522,port blair,40,IE,1602037604,87,51.72,-9.12,46.4,8.05
523,trairi,8,BS,1602037606,77,26.54,-77.06,82.92,16.51
524,roma,72,KZ,1602037608,56,48.83,58.14,41.77,8.88
525,popondetta,23,CA,1602037610,73,60.75,-137.51,39.69,2.68
526,miguel calmon,88,GB,1602037613,88,53.11,-3.32,52,4
527,el alto,100,ES,1602037615,100,43.27,-7.54,63,7
528,jiwani,40,GD,1602037617,94,12.06,-61.75,77,8.25
529,teshie,40,US,1602037590,24,34.06,-117.18,93.2,8.05
530,grand gaube,1,US,1602037480,50,36.2,-119.09,75.99,4.07
531,conceicao do araguaia,40,IN,1602037625,94,8.13,77.3,80.6,4.7
532,parfenyevo,1,US,1602037547,82,41.71,-70.23,61,9.17
533,takoradi,15,KZ,1602037630,89,47.97,80.44,26.08,10.04
534,bonavista,73,SL,1602037632,100,9.02,-10.6,66.65,1.36
535,nargana,0,NE,1602037634,13,18.69,12.92,85.42,6.89
536,minbu,99,ZW,1602037636,83,-17.4,32.23,60.66,5.08
537,uzumlu,72,RU,1602037638,98,65.7,82.47,23.38,10.98
538,dingle,26,RU,1602037640,98,56.89,74.37,27.91,7.92
539,raymond,0,SY,1602037642,54,35.3,37.18,63.55,4
540,waw,20,JP,1602037644,47,31.6,131.37,77,20.8
541,antigonish,93,NG,1602037647,74,11.68,10.19,78.33,10.47
542,balykshi,0,NZ,1602037649,56,-35.1,173.78,66.52,4.07
543,half moon bay,47,BW,1602037651,81,-24.02,21.87,60.44,8.16
544,viligili,0,FI,1602037653,87,60.38,25.27,53.6,10.29
545,donskoye,9,AR,1602037655,56,-32.41,-63.24,55,4
546,porto belo,1,US,1602037657,22,40.74,-114.07,64.4,3.11
